amount,transaction_hour,is_high_risk_merchant,amount_log,merchant_category,location,day_of_week,risk_score,rapid_transaction_flag,user_transaction_count,minutes_since_last_transaction,amount_category,risk_level
2370.77,1,0,7.7713917908294,2,0,2,0,0,1,999999.0,1,1
1952.36,23,0,7.577306245686896,5,0,4,0,0,1,999999.0,1,1
4742.6,12,0,8.46455162009064,2,1,4,0,0,1,999999.0,1,1
896.68,9,0,6.79981365735661,6,2,4,0,0,1,999999.0,0,1
1801.3,0,0,7.49681890599876,4,1,5,0,0,1,999999.0,1,1
88794.99,19,1,11.394096770302966,1,7,0,45,0,1,999999.0,2,2
2497.81,17,1,7.823569897532329,1,0,5,25,0,1,999999.0,1,1
432.05,13,0,6.070853194777054,7,1,1,0,0,1,999999.0,0,1
2332.55,16,0,7.75514599220124,2,6,6,0,0,1,999999.0,1,1
1804.83,11,0,7.498775598870835,4,6,3,0,0,1,999999.0,1,1
2245.33,13,0,7.717053052377317,5,4,6,0,0,1,999999.0,1,1
140494.08,22,1,11.852927749349206,0,7,2,85,0,1,999999.0,2,0
3671.98,22,0,8.20875860066463,6,3,6,0,0,1,999999.0,1,1
1139.54,12,0,7.0392571134461175,7,6,0,0,0,1,999999.0,1,1
2096.05,1,0,7.648286874203742,2,3,4,0,0,1,999999.0,1,1
2046.93,12,1,7.62458480588776,0,6,3,25,0,1,999999.0,1,1
130642.37,1,1,11.780226523392466,1,7,2,85,0,1,999999.0,2,0
813.04,8,0,6.702009504844348,2,4,5,0,0,1,999999.0,0,1
3892.01,20,0,8.26693791632023,5,0,1,0,0,1,999999.0,1,1
851.5,14,0,6.748173209157672,7,3,5,0,0,1,999999.0,0,1
4646.57,9,1,8.444099781343386,3,7,5,45,0,1,999999.0,1,2
961.16,14,1,6.869180757002361,1,3,0,25,0,1,999999.0,0,1
96661.6,5,1,11.478981843444108,3,7,5,45,0,1,999999.0,2,2
930.81,0,0,6.83712893124183,6,5,1,0,0,1,999999.0,0,1
3305.41,19,0,8.103618287630404,2,0,0,0,0,1,999999.0,1,1
146226.75,22,1,11.892920616767997,3,7,4,85,0,1,999999.0,2,0
1550.39,4,0,7.346906582245099,7,5,3,0,0,1,999999.0,1,1
2357.46,15,1,7.765764142648335,0,5,6,25,0,1,999999.0,1,1
2161.26,2,1,7.678909249988044,3,6,5,25,0,1,999999.0,1,1
4184.02,12,0,8.339266761884678,4,3,4,0,0,1,999999.0,1,1
1516.17,0,0,7.324602036352706,4,2,4,0,0,1,999999.0,1,1
83.64,20,1,4.438406968109989,1,6,2,25,0,2,4058.0000473166665,0,1
1260.84,6,1,7.140326252179219,3,3,2,25,0,1,999999.0,1,1
4315.86,20,1,8.370283565101426,0,1,6,25,0,1,999999.0,1,1
4351.96,23,0,8.378611352445064,6,0,2,0,0,1,999999.0,1,1
4341.76,9,1,8.37626536966777,3,0,0,25,0,1,999999.0,1,1
1780.27,12,1,7.485081872024102,3,2,5,25,0,1,999999.0,1,1
199.17,3,1,5.299167005502614,0,5,4,25,0,2,42673.99986353333,0,1
1472.85,5,0,7.29563330366325,7,3,5,0,0,1,999999.0,1,1
1283.33,3,0,7.157992460574457,5,5,1,0,0,1,999999.0,1,1
185682.21,15,1,12.131797328605868,3,7,5,85,0,1,999999.0,2,0
2563.02,8,1,7.849331618322151,3,5,5,25,0,1,999999.0,1,1
62100.98,23,1,11.036533151471255,0,7,3,45,0,2,38310.0000916,2,2
1734.32,13,1,7.458947113414701,1,0,1,25,0,1,999999.0,1,1
140469.24,6,1,11.852750930373364,0,7,4,85,0,1,999999.0,2,0
4156.49,11,0,8.332666805772549,7,4,2,0,0,1,999999.0,1,1
119.74,22,0,4.79363947336828,2,1,2,0,0,1,999999.0,0,1
137445.26,12,1,11.830988283328688,3,7,1,85,0,1,999999.0,2,0
4125.66,0,1,8.325223642060287,0,4,5,25,0,1,999999.0,1,1
3787.38,15,0,8.23969376606444,6,4,2,0,0,1,999999.0,1,1
1859.18,2,0,7.528428536218475,6,6,0,0,0,1,999999.0,1,1
4425.37,3,1,8.395335114044215,3,7,4,45,0,1,999999.0,1,2
1448.4,9,1,7.278904956675181,1,2,5,25,0,1,999999.0,1,1
1804.66,9,1,7.498681454902486,3,0,5,25,0,1,999999.0,1,1
4695.87,18,0,8.45465160840318,5,0,1,0,0,1,999999.0,1,1
2984.13,21,0,8.001398575967158,4,6,3,0,0,1,999999.0,1,1
552.09,16,1,6.315520736923973,0,1,1,25,0,1,999999.0,0,1
3314.55,3,1,8.106378801376858,0,1,1,25,0,1,999999.0,1,1
2036.15,2,0,7.619307051218187,5,7,1,20,0,1,999999.0,1,1
1366.3,11,0,7.220593271315036,2,7,3,20,0,1,999999.0,1,1
2566.63,5,0,7.850738573432303,7,1,6,0,0,1,999999.0,1,1
164066.11,4,1,12.008030830420928,1,7,3,85,0,1,999999.0,2,0
721.75,11,0,6.583063380896456,4,6,1,0,0,1,999999.0,0,1
85.62,1,0,4.46153073578648,4,6,2,0,0,2,67072.9999677,0,1
2010.66,9,0,7.606715530856374,5,7,4,20,0,1,999999.0,1,1
98927.79,4,1,11.502155577372156,3,7,0,45,0,1,999999.0,2,2
3508.11,0,0,8.16311772305426,2,4,0,0,0,1,999999.0,1,1
68012.98,4,1,11.127468551263172,0,7,6,45,0,1,999999.0,2,2
1589.21,10,0,7.371621361964778,6,5,5,0,0,1,999999.0,1,1
3937.93,18,0,8.27866439180513,2,1,5,0,0,1,999999.0,1,1
54.86,7,1,4.022848560517031,0,3,4,25,0,1,999999.0,0,1
124021.32,8,1,11.728216828389115,1,7,1,85,0,1,999999.0,2,0
73264.24,17,1,11.201841559846464,1,7,0,45,0,1,999999.0,2,2
2151.0,18,0,7.674152921281675,2,5,6,0,0,1,999999.0,1,1
3973.92,8,0,8.287759901099742,2,7,0,20,0,1,999999.0,1,1
72911.86,16,1,11.1970203084747,1,7,6,45,0,1,999999.0,2,2
2440.73,18,1,7.800462083447313,0,1,2,25,0,1,999999.0,1,1
4505.55,12,0,8.413287173019793,5,7,1,20,0,2,12588.000103983331,1,1
644.04,21,0,6.469312330376766,5,3,1,0,0,1,999999.0,0,1
1924.28,10,1,7.562826690689852,0,2,5,25,0,1,999999.0,1,1
154579.64,2,1,11.948471180903294,1,7,1,85,0,1,999999.0,2,0
841.03,8,1,6.735815643061295,1,1,2,25,0,1,999999.0,0,1
4509.13,7,1,8.414081256914999,1,3,1,25,0,1,999999.0,1,1
2229.09,5,0,7.709797222384167,2,6,3,0,0,1,999999.0,1,1
4589.47,15,1,8.431737694326587,1,5,5,25,0,1,999999.0,1,1
4300.0,3,0,8.366602832783736,7,0,3,0,0,1,999999.0,1,1
4686.94,5,0,8.452748532540133,2,3,3,0,0,1,999999.0,1,1
1551.49,9,0,7.347615372563056,7,6,5,0,0,1,999999.0,1,1
1442.54,5,0,7.274853709145111,7,5,1,0,0,1,999999.0,1,1
116371.28,5,1,11.664549641588714,1,7,0,85,0,1,999999.0,2,0
2420.42,14,1,7.792109423924009,0,7,4,45,0,1,999999.0,1,2
3538.52,0,1,8.17174640371389,0,0,4,25,0,1,999999.0,1,1
1470.86,0,0,7.294282186070051,5,6,3,0,0,1,999999.0,1,1
1588.49,7,0,7.371168489044499,2,4,6,0,0,1,999999.0,1,1
129690.92,12,1,11.77291707075409,1,7,1,85,0,1,999999.0,2,0
67836.82,21,1,11.1248751355155,3,7,0,45,0,1,999999.0,2,2
4113.59,21,0,8.322294472667275,4,6,3,0,0,1,999999.0,1,1
3210.75,17,1,8.07457123891172,3,3,5,25,0,2,22830.999965933333,1,1
2641.22,23,0,7.879374751865306,5,4,5,0,0,1,999999.0,1,1
2777.89,19,1,7.929806846375429,3,3,5,25,0,1,999999.0,1,1
158297.15,19,1,11.972235559129937,1,7,5,85,0,1,999999.0,2,0
2485.62,16,0,7.818679637597567,2,7,4,20,0,1,999999.0,1,1
3041.21,14,0,8.020339503967106,2,3,2,0,0,1,999999.0,1,1
498.16,22,1,6.212926685639654,0,6,2,25,0,1,999999.0,0,1
4992.76,12,0,8.515944412015708,5,5,6,0,0,1,999999.0,1,1
3197.68,5,0,8.07049350368629,5,7,1,20,0,1,999999.0,1,1
59152.3,19,1,10.987887658213792,3,7,1,45,0,1,999999.0,2,2
1738.24,5,0,7.461203515182507,5,0,1,0,0,1,999999.0,1,1
107410.5,1,1,11.584422531674733,3,7,6,85,0,1,999999.0,2,0
1508.42,19,1,7.319480750061115,3,5,4,25,0,1,999999.0,1,1
126944.15,23,1,11.751510382385703,0,7,2,85,0,1,999999.0,2,0
636.95,16,0,6.458259910367753,6,0,5,0,0,1,999999.0,0,1
160291.11,9,1,11.984753117174188,1,7,0,85,0,1,999999.0,2,0
3735.3,9,1,8.225851095910745,3,4,4,25,0,1,999999.0,1,1
906.59,8,0,6.810792734775353,4,6,0,0,0,1,999999.0,0,1
1361.94,11,0,7.21739941018468,2,1,0,0,0,1,999999.0,1,1
2862.76,19,0,7.959890725686532,2,6,5,0,0,1,999999.0,1,1
4295.56,22,1,8.365569981510884,0,1,3,25,0,1,999999.0,1,1
190612.9,11,1,12.158005195140213,3,7,3,85,0,1,999999.0,2,0
1028.67,8,0,6.936993641538854,2,6,3,0,0,1,999999.0,1,1
1669.85,5,1,7.421087757959309,1,4,3,25,0,1,999999.0,1,1
1761.1,9,0,7.4742615585746845,6,7,3,20,0,1,999999.0,1,1
521.41,9,0,6.258452720198609,6,5,4,0,0,1,999999.0,0,1
1174.6,17,0,7.069533934544762,4,7,0,20,0,2,62401.00014011667,1,1
450.16,18,0,6.111822043771716,4,2,6,0,0,1,999999.0,0,1
130676.41,6,1,11.780487046112416,0,7,3,85,0,1,999999.0,2,0
3195.17,4,0,8.06970849696091,6,2,4,0,0,1,999999.0,1,1
2252.11,5,0,7.720066763030903,7,7,6,20,0,1,999999.0,1,1
3139.88,3,0,8.052258294415335,2,4,0,0,0,1,999999.0,1,1
171.67,4,0,5.151382258424339,2,7,4,20,0,1,999999.0,0,1
3036.61,20,1,8.018826300984863,1,4,4,25,0,2,21109.000031183336,1,1
4477.62,3,1,8.407070242242,3,2,1,25,0,1,999999.0,1,1
3135.2,2,1,8.05076715494693,1,7,0,45,0,1,999999.0,1,2
1240.06,13,1,7.123721132142241,3,6,2,25,0,1,999999.0,1,1
3814.23,4,0,8.246756230236807,7,3,0,0,0,1,999999.0,1,1
3395.51,0,0,8.130503712834294,5,2,1,0,0,2,4094.0000961666665,1,1
289.55,8,0,5.671775678521114,2,1,3,0,0,1,999999.0,0,1
1208.44,10,1,7.097912721543866,3,7,5,45,0,1,999999.0,1,2
126375.8,20,1,11.74702319954478,1,7,3,85,0,1,999999.0,2,0
598.66,16,0,6.396362827933244,4,4,6,0,0,1,999999.0,0,1
3957.55,7,0,8.283633075578832,6,5,4,0,0,1,999999.0,1,1
3847.37,0,1,8.255404961009265,1,1,2,25,0,1,999999.0,1,1
150.86,12,0,5.022959043785088,6,2,5,0,0,1,999999.0,0,1
4769.22,3,0,8.47014770441211,5,5,1,0,0,1,999999.0,1,1
4834.75,23,1,8.483791514782206,0,6,5,25,0,1,999999.0,1,1
186662.49,7,1,12.137062756041274,1,7,0,85,0,1,999999.0,2,0
3288.84,17,0,8.098594210357987,4,1,3,0,0,1,999999.0,1,1
176.92,7,0,5.1813340110622175,4,4,1,0,0,1,999999.0,0,1
2769.3,2,0,7.926710896566108,7,0,2,0,0,1,999999.0,1,1
4868.17,4,0,8.490678770340088,5,5,0,0,0,1,999999.0,1,1
3655.79,7,1,8.204340992382424,1,5,4,25,0,1,999999.0,1,1
4833.4,5,1,8.483512305047348,0,4,0,25,0,1,999999.0,1,1
3095.64,3,0,8.038072931692577,2,1,4,0,0,1,999999.0,1,1
159926.17,23,1,11.982473803086686,3,7,1,85,0,1,999999.0,2,0
1225.87,8,1,7.1122214896276175,3,1,4,25,0,1,999999.0,1,1
1188.24,12,0,7.081069726616117,7,0,4,0,0,1,999999.0,1,1
126481.36,8,1,11.74785813078581,0,7,5,85,0,1,999999.0,2,0
3741.78,22,1,8.227583929794449,0,3,1,25,0,1,999999.0,1,1
192261.5,17,1,12.166616904760064,3,7,5,85,0,1,999999.0,2,0
144806.15,6,1,11.883158136167715,0,7,1,85,0,1,999999.0,2,0
1747.17,23,1,7.466324805491193,0,3,3,25,0,1,999999.0,1,1
4585.34,19,0,8.430837599352662,7,5,0,0,0,1,999999.0,1,1
125711.59,20,1,11.74175354867174,0,7,4,85,0,1,999999.0,2,0
121369.6,7,1,11.7066039536492,0,7,1,85,0,1,999999.0,2,0
164812.12,3,1,12.012567504939154,3,7,6,85,0,1,999999.0,2,0
2960.77,7,0,7.9935423415764815,4,7,6,20,0,1,999999.0,1,1
4712.86,4,1,8.458262384285437,3,2,4,25,0,1,999999.0,1,1
2206.29,3,0,7.699520797715121,6,0,0,0,0,1,999999.0,1,1
145.63,17,1,4.987912406988988,3,1,1,25,0,1,999999.0,0,1
3281.38,15,0,8.096324048006805,4,1,5,0,0,2,11427.00004505,1,1
187136.67,4,1,12.13959982818063,1,7,3,85,0,3,56917.00012826666,2,0
2835.69,5,0,7.9503931584824015,2,5,5,0,0,1,999999.0,1,1
951.62,10,0,6.859216083317476,7,1,2,0,0,1,999999.0,0,1
3904.6,11,0,8.270166699638695,6,5,3,0,0,1,999999.0,1,1
156628.95,22,1,11.96164129584901,0,7,0,85,0,1,999999.0,2,0
187174.37,8,1,12.139801263856649,0,7,0,85,0,1,999999.0,2,0
150869.6,0,1,11.924177794759997,1,7,4,85,0,1,999999.0,2,0
333.12,18,0,5.811500209887705,2,3,6,0,0,1,999999.0,0,1
1994.52,1,0,7.598659946989303,2,2,5,0,0,1,999999.0,1,1
3345.05,16,0,8.1155358246509,5,2,0,0,0,1,999999.0,1,1
87488.24,4,1,11.379271093355529,3,7,1,45,0,1,999999.0,2,2
4317.25,19,0,8.370605506573394,7,5,4,0,0,1,999999.0,1,1
196440.68,2,1,12.1881208723463,0,7,1,85,0,2,45040.00006983333,2,0
493.44,9,0,6.203425809019622,4,0,5,0,0,1,999999.0,0,1
2636.44,7,0,7.877564028710398,4,5,0,0,0,1,999999.0,1,1
4359.0,12,1,8.38022733634308,0,7,2,45,0,1,999999.0,1,2
83517.06,2,1,11.332818174877344,3,7,6,45,0,1,999999.0,2,2
126388.04,2,1,11.747120048074704,3,7,0,85,0,1,999999.0,2,0
2638.93,3,0,7.8785076806373135,7,7,3,20,0,1,999999.0,1,1
4473.86,17,0,8.40623034530337,4,4,5,0,0,1,999999.0,1,1
4884.53,15,0,8.494033053985747,5,4,0,0,0,1,999999.0,1,1
4678.22,2,0,8.450886708354593,7,1,0,0,0,1,999999.0,1,1
3037.6,17,1,8.019152162009666,1,0,4,25,0,1,999999.0,1,1
1348.2,18,0,7.207267103187495,5,7,1,20,0,1,999999.0,1,1
161993.8,9,1,11.995319514933913,3,7,0,85,0,2,15302.00014085,2,0
123599.55,20,1,11.724810273834017,3,7,6,85,0,1,999999.0,2,0
1697.28,4,1,7.437371253159016,0,4,4,25,0,1,999999.0,1,1
3308.11,10,0,8.104434550040589,4,2,1,0,0,1,999999.0,1,1
3882.73,9,1,8.264551311031944,0,7,4,45,0,1,999999.0,1,2
2608.39,18,0,7.866871756525692,2,5,2,0,0,1,999999.0,1,1
121010.97,2,1,11.703644745305896,0,7,1,85,0,1,999999.0,2,0
4374.71,2,0,8.383824071339099,2,0,4,0,0,1,999999.0,1,1
4763.42,3,0,8.468931087798287,7,5,6,0,0,1,999999.0,1,1
3616.87,3,0,8.19364073385585,4,3,3,0,0,1,999999.0,1,1
97012.59,15,1,11.48260635076478,3,7,3,45,0,1,999999.0,2,2
131043.55,17,1,11.783292620706316,3,7,5,85,0,2,13062.00003865,2,0
2018.99,16,0,7.610847839887947,6,2,6,0,0,1,999999.0,1,1
4708.39,4,0,8.45731366694582,5,2,3,0,0,2,25190.99996808333,1,1
3176.53,3,0,8.063859444403777,7,2,3,0,0,1,999999.0,1,1
2647.27,9,1,7.881661875605173,3,6,0,25,0,1,999999.0,1,1
630.73,17,0,6.448462087674575,7,6,3,0,0,1,999999.0,0,1
2454.31,15,0,7.806008305169291,5,4,0,0,0,1,999999.0,1,1
3906.01,8,0,8.27052765456037,4,0,3,0,0,1,999999.0,1,1
162916.52,15,1,12.000999339451548,3,7,0,85,0,1,999999.0,2,0
4914.23,6,0,8.500093827010296,7,4,6,0,0,1,999999.0,1,1
371.7,20,0,5.9207738064852125,4,1,1,0,0,1,999999.0,0,1
3905.13,17,0,8.270302393012843,5,3,4,0,0,1,999999.0,1,1
2493.48,13,1,7.821835569630145,0,2,0,25,0,1,999999.0,1,1
4511.67,23,1,8.414644275061717,1,6,4,25,0,1,999999.0,1,1
67499.7,19,1,11.11989324717722,1,7,6,45,0,1,999999.0,2,2
191793.09,21,1,12.164177627609496,0,7,3,85,0,1,999999.0,2,0
1981.84,16,0,7.592285439434968,4,0,3,0,0,1,999999.0,1,1
2523.35,15,0,7.833738882827192,7,1,3,0,0,1,999999.0,1,1
4331.91,6,1,8.373994650695668,0,7,1,45,0,1,999999.0,1,2
180917.24,22,1,12.105800495487864,3,7,0,85,0,1,999999.0,2,0
1368.08,5,0,7.221894260396279,5,4,1,0,0,1,999999.0,1,1
150539.55,18,1,11.921987762095863,0,7,6,85,0,1,999999.0,2,0
4219.24,9,1,8.34764727745082,0,1,1,25,0,1,999999.0,1,1
4717.93,10,1,8.45933735796517,1,3,5,25,0,1,999999.0,1,1
133932.97,0,1,11.805102196292324,1,7,0,85,0,1,999999.0,2,0
4188.29,14,0,8.340286547483743,5,7,5,20,0,1,999999.0,1,1
951.03,16,0,6.858596546899896,2,3,5,0,0,1,999999.0,0,1
4303.03,17,1,8.367307072077551,3,5,1,25,0,1,999999.0,1,1
4681.05,21,0,8.451491327190759,7,3,0,0,0,1,999999.0,1,1
179523.21,16,1,12.098065352467511,3,7,6,85,0,1,999999.0,2,0
197459.63,12,1,12.193294501679947,0,7,2,85,0,1,999999.0,2,0
3132.69,6,0,8.049966502899101,4,3,6,0,0,1,999999.0,1,1
56.7,11,0,4.055257173514054,6,5,4,0,0,1,999999.0,0,1
1738.38,1,1,7.461284006871784,0,3,2,25,0,1,999999.0,1,1
1873.2,20,0,7.535937180689723,5,4,3,0,0,1,999999.0,1,1
4248.16,22,1,8.354476595324885,0,6,2,25,0,1,999999.0,1,1
1595.62,0,1,7.375644173752306,3,2,4,25,0,1,999999.0,1,1
2893.0,0,1,7.970394907191429,1,7,6,45,0,1,999999.0,1,2
1328.19,10,1,7.19232501312984,3,3,3,25,0,1,999999.0,1,1
54403.85,1,1,10.90420858328178,0,7,0,45,0,1,999999.0,2,2
4623.66,7,0,8.43915813373076,4,5,1,0,0,1,999999.0,1,1
4914.24,3,0,8.500095861501018,7,2,4,0,0,1,999999.0,1,1
4600.93,22,1,8.434231059701704,1,3,0,25,0,1,999999.0,1,1
121122.62,13,1,11.70456695593931,1,7,2,85,0,1,999999.0,2,0
793.72,21,0,6.67798985135904,7,1,1,0,0,1,999999.0,0,1
3697.32,5,0,8.215633941464505,5,3,3,0,0,1,999999.0,1,1
541.76,14,1,6.296667233277752,3,4,4,25,0,1,999999.0,0,1
94.36,3,1,4.55765920331704,3,6,2,25,0,1,999999.0,0,1
1559.8,19,0,7.352953789308901,7,3,2,0,0,1,999999.0,1,1
3806.48,12,1,8.244722831964976,1,3,3,25,0,1,999999.0,1,1
3846.25,15,0,8.255113886343961,7,1,1,0,0,1,999999.0,1,1
1555.12,17,0,7.349950822587301,2,2,2,0,0,1,999999.0,1,1
3153.88,14,0,8.056705739386677,6,0,5,0,0,1,999999.0,1,1
122573.48,17,1,11.716474124209803,1,7,0,85,0,1,999999.0,2,0
4150.94,22,0,8.331330973874257,5,3,0,0,0,1,999999.0,1,1
2764.58,5,0,7.925005656877476,5,3,2,0,0,1,999999.0,1,1
3449.06,18,1,8.146146901178525,3,4,0,25,0,1,999999.0,1,1
3439.98,8,0,8.143511593516711,6,1,4,0,0,1,999999.0,1,1
4030.03,12,0,8.301777205411476,5,1,6,0,0,1,999999.0,1,1
2987.75,6,0,8.002610518772535,4,5,2,0,0,1,999999.0,1,1
198798.32,10,1,12.200051152675622,1,7,2,85,0,1,999999.0,2,0
1286.29,11,1,7.160294512438415,3,3,5,25,0,1,999999.0,1,1
2233.86,17,0,7.711933865264685,5,1,5,0,0,1,999999.0,1,1
2343.22,15,1,7.759708002947933,3,4,1,25,0,1,999999.0,1,1
133466.0,9,1,11.801609535254473,1,7,1,85,0,1,999999.0,2,0
4664.46,18,0,8.447941715065358,6,0,4,0,0,1,999999.0,1,1
123309.93,9,1,11.722464330803534,3,7,3,85,0,1,999999.0,2,0
4939.32,17,1,8.505185385411943,3,6,6,25,0,1,999999.0,1,1
1526.06,7,0,7.331099597177538,4,6,0,0,0,1,999999.0,1,1
3300.12,2,0,8.102017083812871,4,6,5,0,0,1,999999.0,1,1
2343.03,10,1,7.759626949249814,0,6,6,25,0,1,999999.0,1,1
2821.53,0,0,7.945388924842442,5,4,3,0,0,1,999999.0,1,1
224.31,14,0,5.417477231717294,2,3,6,0,0,1,999999.0,0,1
68861.17,1,1,11.139862249611204,3,7,3,45,0,1,999999.0,2,2
1068.6,20,1,6.975040025787734,3,3,0,25,0,1,999999.0,1,1
4555.19,10,0,8.42424202694598,4,1,5,0,0,1,999999.0,1,1
4478.23,5,0,8.40720643563683,5,5,2,0,0,1,999999.0,1,1
182157.53,16,1,12.112632630876336,1,7,4,85,0,1,999999.0,2,0
2488.76,16,1,7.8199415992712,0,1,5,25,0,1,999999.0,1,1
4097.49,2,0,8.318373892173065,5,1,6,0,0,1,999999.0,1,1
59745.27,19,1,10.997862041066885,3,7,6,45,0,1,999999.0,2,2
56516.25,17,1,10.942301180271512,0,7,5,45,0,1,999999.0,2,2
1305.86,8,0,7.175382592355192,2,7,3,20,0,1,999999.0,1,1
196441.14,14,1,12.18812321400547,1,7,2,85,0,1,999999.0,2,0
51022.08,9,1,10.840033358356647,3,7,5,45,0,1,999999.0,2,2
98126.31,3,1,11.494020996208889,1,7,0,45,0,1,999999.0,2,2
533.47,11,1,6.281275601668206,1,5,6,25,0,1,999999.0,0,1
2900.69,3,1,7.973048604857391,0,6,1,25,0,1,999999.0,1,1
99.15,17,0,4.606669062111827,5,0,1,0,0,1,999999.0,0,1
310.02,7,0,5.739857218793191,5,0,5,0,0,1,999999.0,0,1
232.36,15,0,5.452582325559466,7,4,4,0,0,1,999999.0,0,1
4695.42,2,1,8.45455579532803,3,4,2,25,0,1,999999.0,1,1
1141.98,18,0,7.041394165828949,4,5,0,0,0,1,999999.0,1,1
2460.82,6,1,7.808656192780005,1,7,3,45,0,1,999999.0,1,2
144749.41,8,1,11.882766227901003,3,7,1,85,0,1,999999.0,2,0
140486.7,17,1,11.85287521943971,0,7,4,85,0,1,999999.0,2,0
4224.36,1,0,8.348859743261947,2,2,3,0,0,1,999999.0,1,1
575.36,21,0,6.3567324654647335,4,5,1,0,0,1,999999.0,0,1
1855.4,5,1,7.526394407367021,1,4,4,25,0,1,999999.0,1,1
147999.96,4,1,11.904974039211702,1,7,4,85,0,1,999999.0,2,0
78104.89,4,1,11.265820749117289,0,7,3,45,0,1,999999.0,2,2
560.34,16,1,6.330326782548198,1,3,3,25,0,1,999999.0,0,1
1295.18,14,0,7.16717675615694,7,3,4,0,0,1,999999.0,1,1
145965.4,7,1,11.891131737218592,1,7,6,85,0,1,999999.0,2,0
2826.27,19,1,7.947066860738264,3,6,6,25,0,1,999999.0,1,1
159888.85,7,1,11.982240419634053,3,7,0,85,0,1,999999.0,2,0
4875.26,21,0,8.49213381157498,5,3,4,0,0,1,999999.0,1,1
4574.39,8,0,8.428447219978036,5,3,2,0,0,1,999999.0,1,1
401.17,2,1,5.996874884800257,1,1,6,25,0,1,999999.0,0,1
371.74,7,0,5.920881125652519,5,7,3,20,0,1,999999.0,0,1
3895.11,11,1,8.267733898450095,1,7,3,45,0,1,999999.0,1,2
3020.62,13,0,8.013548390386138,5,4,2,0,0,1,999999.0,1,1
4383.2,0,0,8.385762448025227,6,4,1,0,0,1,999999.0,1,1
152110.38,21,1,11.932368294646464,1,7,0,85,0,1,999999.0,2,0
788.94,17,0,6.67195699320968,6,4,1,0,0,1,999999.0,0,1
4613.52,19,0,8.436963132860287,2,5,6,0,0,1,999999.0,1,1
2031.65,19,1,7.617095639436832,0,3,5,25,0,1,999999.0,1,1
854.89,4,0,6.752141863211412,6,3,1,0,0,1,999999.0,0,1
3643.6,23,1,8.201001899051954,0,4,1,25,0,1,999999.0,1,1
71060.02,19,1,11.171294223538984,1,7,1,45,0,1,999999.0,2,2
750.01,9,1,6.621418967254711,3,1,0,25,0,1,999999.0,0,1
1926.15,11,1,7.563797506588841,3,4,5,25,0,1,999999.0,1,1
4815.3,22,1,8.479761277407373,1,1,6,25,0,1,999999.0,1,1
105186.63,10,1,11.563500986820692,3,7,5,85,0,1,999999.0,2,0
1355.08,18,1,7.2123534638102305,3,2,2,25,0,2,36450.99994726667,1,1
3168.18,6,0,8.061228158330293,4,0,4,0,0,1,999999.0,1,1
925.72,20,0,6.831651470317242,5,6,3,0,0,1,999999.0,0,1
83610.38,18,1,11.33393491421062,3,7,4,45,0,1,999999.0,2,2
4810.57,18,0,8.478778713168234,7,3,1,0,0,1,999999.0,1,1
3210.03,8,1,8.074347036929707,1,6,2,25,0,1,999999.0,1,1
1530.56,7,1,7.334042102782599,1,4,2,25,0,1,999999.0,1,1
401.9,19,1,5.998688392197302,0,2,0,25,0,1,999999.0,0,1
3564.02,4,1,8.178924942930836,3,1,4,25,0,1,999999.0,1,1
4711.82,3,0,8.458041733960144,5,2,2,0,0,1,999999.0,1,1
2900.88,16,0,7.973114081796608,4,7,2,20,0,1,999999.0,1,1
151892.9,20,1,11.930937529778827,1,7,1,85,0,1,999999.0,2,0
584.59,12,0,6.3726198859985645,6,3,6,0,0,1,999999.0,0,1
179637.8,22,1,12.098703447152642,0,7,6,85,0,1,999999.0,2,0
868.28,1,1,6.767665282803213,3,2,4,25,0,1,999999.0,0,1
3741.37,6,0,8.227474379551525,5,5,5,0,0,1,999999.0,1,1
3626.61,8,1,8.196329308213125,3,6,2,25,0,1,999999.0,1,1
1466.0,19,0,7.290974778142981,6,3,1,0,0,1,999999.0,1,1
3760.82,8,1,8.232658161826325,1,2,5,25,0,1,999999.0,1,1
1617.04,7,0,7.388970819191719,5,2,6,0,0,1,999999.0,1,1
3962.15,3,0,8.284794442587687,2,6,6,0,0,2,19968.00000915,1,1
3019.73,1,1,8.0132538030132,3,0,6,25,0,1,999999.0,1,1
734.34,8,0,6.600332977287377,4,0,3,0,0,1,999999.0,0,1
3308.7,14,0,8.104612829822472,6,3,3,0,0,1,999999.0,1,1
143313.42,17,1,11.872796236806636,3,7,0,85,0,1,999999.0,2,0
1528.97,15,1,7.333003406351108,1,5,0,25,0,1,999999.0,1,1
2178.85,13,1,7.687011346076352,0,6,3,25,0,1,999999.0,1,1
3498.38,15,0,8.160341088928714,7,3,0,0,0,2,27441.999984416667,1,1
3340.48,11,0,8.114169101597286,6,4,5,0,0,1,999999.0,1,1
50092.23,16,1,10.821641148201593,1,7,3,45,0,1,999999.0,2,2
2713.15,14,0,7.906234107843223,2,5,1,0,0,1,999999.0,1,1
1869.39,5,0,7.533902244253555,5,0,4,0,0,1,999999.0,1,1
3576.74,13,0,8.182486595134323,2,4,6,0,0,1,999999.0,1,1
131861.85,9,1,11.789517646266567,0,7,6,85,0,1,999999.0,2,0
3510.27,14,0,8.163733074379447,7,0,4,0,0,1,999999.0,1,1
2025.15,20,1,7.613892719580327,0,3,6,25,0,1,999999.0,1,1
194205.13,10,1,12.176675399737684,0,7,0,85,0,1,999999.0,2,0
1863.08,18,0,7.530522912779501,2,5,6,0,0,1,999999.0,1,1
51916.73,16,1,10.857415629312776,3,7,5,45,0,2,8512.000122683334,2,2
148233.75,19,1,11.906552444789732,3,7,1,85,0,1,999999.0,2,0
95.03,14,1,4.564660642649882,0,0,0,25,0,1,999999.0,0,1
448.08,20,0,6.107201045590578,4,3,3,0,0,1,999999.0,0,1
125188.38,17,1,11.737582909769202,0,7,5,85,0,1,999999.0,2,0
4091.87,13,1,8.317001714443895,3,6,0,25,0,1,999999.0,1,1
2164.83,20,0,7.680558938792869,7,2,6,0,0,1,999999.0,1,1
293.3,5,0,5.684599655239428,5,1,2,0,0,1,999999.0,0,1
306.33,16,0,5.727922088842681,7,3,3,0,0,2,2060.999882933333,0,1
3082.72,20,1,8.033891939381165,1,6,5,25,0,1,999999.0,1,1
1789.68,8,0,7.490350714963679,7,0,2,0,0,1,999999.0,1,1
4917.05,20,1,8.500667389458902,0,6,4,25,0,1,999999.0,1,1
3632.44,10,0,8.197935136916358,2,4,5,0,0,1,999999.0,1,1
3939.63,18,1,8.279095887986738,3,4,6,25,0,1,999999.0,1,1
2696.27,4,0,7.89999542936364,6,3,4,0,0,2,20734.000009216667,1,1
70.13,14,0,4.264509188745424,7,4,0,0,0,1,999999.0,0,1
4475.37,11,0,8.406567729107458,6,6,1,0,0,1,999999.0,1,1
2030.78,7,0,7.616667535120465,5,2,4,0,0,1,999999.0,1,1
721.05,5,0,6.582094388572574,7,0,6,0,0,1,999999.0,0,1
159742.4,11,1,11.98132405683232,1,7,4,85,0,2,52152.00013216666,2,0
1366.03,14,0,7.220395782350004,5,1,2,0,0,1,999999.0,1,1
1897.66,22,0,7.548903653181583,7,6,1,0,0,1,999999.0,1,1
190.63,6,1,5.255566429480404,1,7,6,45,0,1,999999.0,0,2
2216.61,9,0,7.704185318364926,6,3,3,0,0,1,999999.0,1,1
637.16,10,1,6.458589035602874,0,0,1,25,0,1,999999.0,0,1
1834.69,8,1,7.515175711608556,0,3,4,25,0,1,999999.0,1,1
1805.22,7,0,7.498991542726271,4,7,5,20,0,1,999999.0,1,1
3534.41,20,0,8.170584554632036,4,4,1,0,0,1,999999.0,1,1
3536.45,6,1,8.171161407575985,0,3,0,25,0,1,999999.0,1,1
897.9,6,0,6.801171793579353,7,1,6,0,0,1,999999.0,0,1
777.89,0,0,6.657869829224922,2,0,4,0,0,1,999999.0,0,1
441.64,23,1,6.092756798589854,0,1,1,25,0,1,999999.0,0,1
4020.48,5,1,8.299405273063076,3,0,3,25,0,1,999999.0,1,1
132836.84,11,1,11.796884415195883,3,7,0,85,0,1,999999.0,2,0
2137.58,18,1,7.66789733636636,3,5,4,25,0,1,999999.0,1,1
57362.56,10,1,10.95716453750381,1,7,1,45,0,1,999999.0,2,2
171864.93,16,1,12.054469975101448,3,7,2,85,0,1,999999.0,2,0
98.09,1,1,4.596028528070808,3,3,1,25,0,1,999999.0,0,1
1759.96,14,0,7.473614393871394,2,7,1,20,0,1,999999.0,1,1
1204.88,17,0,7.094964869848868,4,0,0,0,0,1,999999.0,1,1
4013.94,20,0,8.29777768230905,4,4,1,0,0,1,999999.0,1,1
403.81,4,1,6.00341782122544,3,6,6,25,0,1,999999.0,0,1
2524.66,15,0,7.834257693692669,4,3,6,0,0,1,999999.0,1,1
2183.16,5,0,7.688986594254668,4,7,4,20,0,1,999999.0,1,1
3383.97,19,0,8.127100322677855,7,0,1,0,0,1,999999.0,1,1
120237.24,17,1,11.697230386927846,1,7,2,85,0,1,999999.0,2,0
567.5,6,0,6.343001313190591,5,7,0,20,0,1,999999.0,0,1
1920.2,1,1,7.560705269790669,0,6,2,25,0,1,999999.0,1,1
1612.06,1,0,7.385888275201523,4,1,5,0,0,1,999999.0,1,1
175.52,21,0,5.173434184401347,7,6,5,0,0,1,999999.0,0,1
160048.64,18,1,11.983239296098384,3,7,1,85,0,1,999999.0,2,0
104604.07,5,1,11.5579472998016,0,7,3,85,0,1,999999.0,2,0
471.67,22,1,6.158397470585275,0,7,6,45,0,1,999999.0,0,2
3545.91,11,0,8.17383208089659,4,4,1,0,0,1,999999.0,1,1
1665.86,7,1,7.418696896020648,1,5,5,25,0,1,999999.0,1,1
1197.22,17,1,7.088592401214743,3,6,1,25,0,1,999999.0,1,1
159100.72,0,1,11.977299025078253,3,7,4,85,0,1,999999.0,2,0
4973.29,21,1,8.512037925840303,1,5,0,25,0,1,999999.0,1,1
136100.0,22,1,11.82115253615114,1,7,1,85,0,1,999999.0,2,0
64413.29,12,1,11.07309078188746,3,7,3,45,0,1,999999.0,2,2
1066.75,13,1,6.973308909721576,3,0,4,25,0,1,999999.0,1,1
4503.6,0,0,8.412854375867278,4,2,0,0,0,1,999999.0,1,1
3856.92,3,0,8.257883457117966,6,6,5,0,0,1,999999.0,1,1
4973.23,18,0,8.512025863744634,5,2,2,0,0,1,999999.0,1,1
1426.74,19,1,7.263848053493128,0,4,4,25,0,1,999999.0,1,1
1933.54,8,0,7.567624851104363,5,2,0,0,0,2,61261.0000145,1,1
1878.53,19,1,7.538777024568786,3,3,0,25,0,1,999999.0,1,1
1619.62,18,0,7.390564071058705,5,2,0,0,0,1,999999.0,1,1
3865.88,13,1,8.260203259318198,3,7,1,45,0,1,999999.0,1,2
1423.62,22,1,7.261660390474207,1,4,3,25,0,1,999999.0,1,1
482.79,23,1,6.181650928264084,3,1,4,25,0,1,999999.0,0,1
825.64,23,1,6.7173692919061,3,7,3,45,0,1,999999.0,0,2
1321.78,4,1,7.187490861549733,1,2,6,25,0,1,999999.0,1,1
3456.82,14,0,8.148393611678472,4,4,2,0,0,2,35121.00005735,1,1
906.16,6,1,6.810318840290662,0,5,6,25,0,1,999999.0,0,1
4655.57,19,0,8.446034404598642,5,6,0,0,0,1,999999.0,1,1
4798.21,10,0,8.476206600017326,4,6,2,0,0,1,999999.0,1,1
97721.47,16,1,11.489886801351869,3,7,5,45,0,1,999999.0,2,2
2731.08,8,1,7.912818502838821,1,2,2,25,0,1,999999.0,1,1
1134.3,21,1,7.034652212170488,3,0,6,25,0,1,999999.0,1,1
173704.08,10,1,12.065114197627684,1,7,2,85,0,1,999999.0,2,0
3178.43,18,1,8.064457214424849,0,2,4,25,0,1,999999.0,1,1
4893.96,19,1,8.495961383327545,0,7,2,45,0,1,999999.0,1,2
1918.49,10,0,7.559814804737258,6,3,4,0,0,1,999999.0,1,1
4328.61,7,1,8.373232747655988,3,7,0,45,0,1,999999.0,1,2
1492.3,6,1,7.308743715063223,1,2,0,25,0,1,999999.0,1,1
4739.36,21,0,8.463868361172203,4,0,4,0,0,1,999999.0,1,1
4230.44,12,0,8.350297639640614,7,0,6,0,0,1,999999.0,1,1
3506.24,4,0,8.162584682358093,4,0,6,0,0,1,999999.0,1,1
92378.77,3,1,11.433663294265108,3,7,0,45,0,1,999999.0,2,2
2302.64,4,1,7.742245759607479,0,1,3,25,0,1,999999.0,1,1
2151.24,16,1,7.674264439226887,0,5,4,25,0,1,999999.0,1,1
277.27,15,1,5.628591865380296,0,6,5,25,0,1,999999.0,0,1
2049.29,21,0,7.625736525542083,2,2,2,0,0,1,999999.0,1,1
1140.01,22,0,7.039669114065563,6,3,6,0,0,1,999999.0,1,1
1182.77,0,1,7.076459539816907,0,7,4,45,0,1,999999.0,1,2
4140.84,19,0,8.328895412527627,4,5,4,0,0,1,999999.0,1,1
139781.22,14,1,11.847840919005444,0,7,0,85,0,1,999999.0,2,0
127704.75,13,1,11.757484068414914,3,7,3,85,0,1,999999.0,2,0
3125.51,18,0,8.047672645466974,2,5,1,0,0,1,999999.0,1,1
3746.82,11,0,8.228929616591385,4,0,2,0,0,1,999999.0,1,1
42.35,16,0,3.769306703226551,7,0,5,0,0,1,999999.0,0,1
139084.75,16,1,11.842845928379074,1,7,1,85,0,1,999999.0,2,0
265.0,11,1,5.583496308781699,3,4,3,25,0,1,999999.0,0,1
443.78,7,0,6.097579777896684,2,5,5,0,0,1,999999.0,0,1
4487.56,7,1,8.409287216602108,1,6,6,25,0,1,999999.0,1,1
2680.19,12,0,7.894016004803567,5,3,5,0,0,1,999999.0,1,1
2474.76,10,0,7.814302698573301,7,5,4,0,0,1,999999.0,1,1
763.98,4,0,6.639849689693931,7,2,2,0,0,1,999999.0,0,1
2630.26,20,0,7.87521809789853,2,2,0,0,0,1,999999.0,1,1
2817.65,3,1,7.944013325903271,3,0,2,25,0,1,999999.0,1,1
1517.32,7,0,7.325359739428664,2,4,6,0,0,1,999999.0,1,1
1927.71,0,1,7.564606664641839,1,5,1,25,0,2,6796.00003775,1,1
4389.54,17,0,8.38720750533821,7,3,5,0,0,1,999999.0,1,1
2170.39,19,0,7.683122794463393,5,1,3,0,0,1,999999.0,1,1
4871.75,6,1,8.49141373842875,3,4,0,25,0,1,999999.0,1,1
3218.24,4,0,8.076900585835487,6,7,3,20,0,1,999999.0,1,1
68955.47,2,1,11.14123071493224,3,7,2,45,0,1,999999.0,2,2
1718.52,18,0,7.449800461092843,6,4,3,0,0,1,999999.0,1,1
4075.78,19,1,8.313062740117278,3,6,4,25,0,1,999999.0,1,1
2592.55,7,1,7.8607828725722655,0,3,1,25,0,1,999999.0,1,1
2228.9,22,1,7.709712020399357,1,0,5,25,0,1,999999.0,1,1
167379.28,9,1,12.028023628425707,1,7,1,85,0,1,999999.0,2,0
4413.77,19,1,8.392711016550825,3,7,3,45,0,1,999999.0,1,2
2452.95,1,0,7.80545425016516,7,4,6,0,0,1,999999.0,1,1
3569.1,15,1,8.18034888558586,1,6,0,25,0,1,999999.0,1,1
138790.75,13,1,11.840729887247983,0,7,4,85,0,1,999999.0,2,0
322.08,15,1,5.777899970574095,3,5,1,25,0,1,999999.0,0,1
1346.16,9,1,7.205753951835868,3,6,5,25,0,1,999999.0,1,1
63936.05,7,1,11.065654284546047,0,7,0,45,0,1,999999.0,2,2
3866.27,16,1,8.26030411073699,1,6,6,25,0,1,999999.0,1,1
2706.61,7,1,7.9038216059353585,3,1,2,25,0,1,999999.0,1,1
184494.16,4,1,12.125378509056295,3,7,2,85,0,1,999999.0,2,0
1688.27,19,0,7.432051761935972,5,3,6,0,0,1,999999.0,1,1
4349.64,17,0,8.378078239697478,5,4,1,0,0,1,999999.0,1,1
3006.74,8,1,8.008944245163697,1,3,2,25,0,1,999999.0,1,1
170453.75,8,1,12.046225144587558,3,7,4,85,0,1,999999.0,2,0
510.24,7,0,6.236839147263514,7,6,3,0,0,1,999999.0,0,1
2027.47,17,0,7.615037093283997,7,0,6,0,0,1,999999.0,1,1
1852.78,1,1,7.524982076733194,0,6,3,25,0,1,999999.0,1,1
2303.15,1,0,7.742467123863264,5,4,2,0,0,1,999999.0,1,1
4167.21,8,0,8.335241966041137,5,2,2,0,0,1,999999.0,1,1
4625.27,22,0,8.439506206846925,6,5,3,0,0,1,999999.0,1,1
3672.63,19,0,8.208935553028155,4,7,3,20,0,1,999999.0,1,1
393.4,5,0,5.97736562272848,7,4,1,0,0,1,999999.0,0,1
53943.63,2,1,10.895713429124214,0,7,2,45,0,1,999999.0,2,2
186971.51,6,1,12.138716879682786,1,7,4,85,0,1,999999.0,2,0
4563.56,14,0,8.426077402841516,2,2,2,0,0,1,999999.0,1,1
196224.05,15,1,12.187017493804513,0,7,2,85,0,2,100.00017205,2,0
142412.72,6,1,11.866491621633418,0,7,0,85,0,1,999999.0,2,0
4791.28,21,0,8.47476156880614,7,4,3,0,0,1,999999.0,1,1
3738.02,22,1,8.22657882398661,1,2,4,25,0,1,999999.0,1,1
1727.7,14,1,7.455124959928741,1,3,4,25,0,1,999999.0,1,1
128.6,16,1,4.864452783918174,0,3,2,25,0,1,999999.0,0,1
1182.72,6,0,7.076417300990126,7,3,0,0,0,1,999999.0,1,1
3258.18,19,0,8.089230908978504,5,3,3,0,0,1,999999.0,1,1
533.36,18,0,6.281069769121611,4,7,1,20,0,1,999999.0,0,1
3587.04,10,0,8.185361371388563,6,7,3,20,0,1,999999.0,1,1
1978.27,23,1,7.59048336883818,1,5,2,25,0,1,999999.0,1,1
345.09,19,0,5.846698856840462,7,7,4,20,0,1,999999.0,0,1
20.24,6,1,3.055886196373738,1,6,5,25,0,2,6377.000065,0,1
4321.85,9,1,8.371670185939337,0,7,6,45,0,1,999999.0,1,2
1245.74,16,0,7.128287423539844,7,1,2,0,0,1,999999.0,1,1
3996.13,2,1,8.293331882575712,3,3,5,25,0,1,999999.0,1,1
91164.7,22,1,11.420434008829172,0,7,2,45,0,1,999999.0,2,2
2333.97,9,1,7.755754322054723,3,1,3,25,0,2,61161.999942333336,1,1
65.38,14,0,4.195395806291828,6,6,2,0,0,1,999999.0,0,1
2119.47,20,1,7.659393041207871,1,5,5,25,0,1,999999.0,1,1
3763.51,5,0,8.233372985681921,7,3,2,0,0,1,999999.0,1,1
2597.5,5,0,7.862689634448497,2,4,0,0,0,1,999999.0,1,1
4080.38,8,0,8.314190445503662,2,4,4,0,0,1,999999.0,1,1
3940.83,23,0,8.279400361465644,7,3,0,0,0,1,999999.0,1,1
3496.04,5,0,8.159672175373709,6,5,3,0,0,1,999999.0,1,1
3251.73,4,0,8.087249922721227,7,6,6,0,0,1,999999.0,1,1
4124.63,16,0,8.324974014379887,5,7,2,20,0,1,999999.0,1,1
3203.65,7,0,8.072358159023365,4,3,3,0,0,1,999999.0,1,1
3474.11,10,0,8.153381412174152,5,5,5,0,0,1,999999.0,1,1
89145.78,11,1,11.398039503738254,1,7,3,45,0,1,999999.0,2,2
77028.4,20,1,11.251942446143628,0,7,0,45,0,1,999999.0,2,2
2986.12,15,1,8.002064991496866,3,1,4,25,0,1,999999.0,1,1
3641.72,5,1,8.200485934323712,0,3,6,25,0,1,999999.0,1,1
3706.99,8,1,8.21824522981048,3,1,0,25,0,1,999999.0,1,1
179105.66,15,1,12.095736773287072,0,7,5,85,0,1,999999.0,2,0
301.98,11,1,5.713666796730178,3,1,1,25,0,1,999999.0,0,1
2644.4,9,0,7.880577561591947,4,6,6,0,0,1,999999.0,1,1
1371.74,20,1,7.224564021484843,0,4,0,25,0,1,999999.0,1,1
2902.98,2,0,7.97383748886863,6,3,6,0,0,1,999999.0,1,1
112244.7,22,1,11.62844549752109,3,7,5,85,0,1,999999.0,2,0
4002.06,11,0,8.294814347638674,2,1,5,0,0,1,999999.0,1,1
517.92,5,0,6.251749728702811,5,5,2,0,0,1,999999.0,0,1
683.84,6,0,6.529185234336617,4,1,1,0,0,1,999999.0,0,1
3572.11,4,0,8.181191644003476,6,3,6,0,0,1,999999.0,1,1
390.42,5,0,5.969781152276823,2,6,5,0,0,1,999999.0,0,1
835.0,20,0,6.728628613084702,5,7,3,20,0,1,999999.0,0,1
849.11,15,1,6.745365752876088,0,6,3,25,0,1,999999.0,0,1
2662.84,15,0,7.8875239697965425,7,7,2,20,0,1,999999.0,1,1
146448.67,17,1,11.89443709892456,1,7,1,85,0,1,999999.0,2,0
1387.84,5,1,7.2362241453346385,0,7,2,45,0,1,999999.0,1,2
3186.73,14,1,8.067064343726246,3,1,6,25,0,1,999999.0,1,1
1132.11,10,1,7.032721343693972,0,3,5,25,0,1,999999.0,1,1
3299.72,22,0,8.101895905474562,4,2,1,0,0,1,999999.0,1,1
4400.9,21,1,8.38979154488153,3,4,2,25,0,1,999999.0,1,1
952.42,3,0,6.860055520104717,5,3,2,0,0,1,999999.0,0,1
246.12,7,0,5.509874048610326,7,6,6,0,0,1,999999.0,0,1
2604.31,16,0,7.865306949026686,2,2,0,0,0,1,999999.0,1,1
4859.44,0,0,8.48888424777592,2,6,5,0,0,1,999999.0,1,1
73249.21,17,1,11.201636393769402,1,7,5,45,0,1,999999.0,2,2
1953.47,14,1,7.577874335921042,1,2,4,25,0,1,999999.0,1,1
4719.6,18,1,8.45969118914478,1,1,3,25,0,1,999999.0,1,1
3942.01,12,1,8.279699670014406,3,7,1,45,0,1,999999.0,1,2
78784.74,19,1,11.27448729500292,0,7,4,45,0,1,999999.0,2,2
349.61,23,1,5.859674494613175,3,1,0,25,0,1,999999.0,0,1
971.29,18,1,6.879654113871228,3,4,3,25,0,1,999999.0,0,1
153125.49,10,1,11.939019590846032,0,7,4,85,0,2,25446.000199933336,2,0
4536.67,8,0,8.420168943436028,4,7,1,20,0,1,999999.0,1,1
1195.04,2,0,7.086771378767365,7,4,6,0,0,1,999999.0,1,1
767.05,12,1,6.643854835195154,0,4,0,25,0,2,23653.00010993333,0,1
1868.62,6,1,7.533490480642826,1,1,3,25,0,1,999999.0,1,1
1456.17,17,1,7.284251477494541,1,2,4,25,0,1,999999.0,1,1
3278.33,7,0,8.095394412219898,6,4,1,0,0,1,999999.0,1,1
2770.68,2,0,7.927208913530631,5,1,2,0,0,1,999999.0,1,1
66232.58,1,1,11.100942864072213,3,7,0,45,0,1,999999.0,2,2
4610.4,4,0,8.436286777522513,5,1,5,0,0,1,999999.0,1,1
4465.1,1,1,8.404270823551121,1,7,5,45,0,1,999999.0,1,2
82.71,17,0,4.427358444671965,6,2,6,0,0,1,999999.0,0,1
321.07,22,1,5.77476891322269,3,4,2,25,0,1,999999.0,0,1
2409.31,8,0,7.787510648917875,4,5,2,0,0,1,999999.0,1,1
1336.55,3,1,7.198594861248998,3,2,6,25,0,1,999999.0,1,1
3256.63,1,1,8.088755216107536,3,1,0,25,0,1,999999.0,1,1
3288.8,21,0,8.098582051638058,7,1,5,0,0,1,999999.0,1,1
4196.74,9,0,8.342301564208165,5,7,3,20,0,1,999999.0,1,1
4306.01,11,0,8.367999206853133,4,3,3,0,0,1,999999.0,1,1
81955.19,23,1,11.313940115181548,0,7,2,45,0,2,19441.00000975,2,2
98328.76,10,1,11.49608200701052,3,7,4,45,0,1,999999.0,2,2
2421.51,9,1,7.7925594717233775,1,1,2,25,0,1,999999.0,1,1
4730.59,12,1,8.462016577219353,3,5,5,25,0,1,999999.0,1,1
4595.97,10,0,8.433152669789719,7,3,1,0,0,1,999999.0,1,1
561.09,10,0,6.331661979421028,5,5,5,0,0,1,999999.0,0,1
145100.3,8,1,11.885187398170531,3,7,5,85,0,1,999999.0,2,0
2572.93,12,1,7.853189192759086,1,6,4,25,0,1,999999.0,1,1
2079.29,6,1,7.640262586053793,0,1,0,25,0,1,999999.0,1,1
96.31,17,0,4.577901758833898,7,7,4,20,0,1,999999.0,0,1
83861.25,20,1,11.336930850796495,0,7,1,45,0,1,999999.0,2,2
3208.4,0,0,8.07383928276526,4,0,5,0,0,1,999999.0,1,1
3268.15,19,0,8.092285291263423,5,5,0,0,0,1,999999.0,1,1
2993.93,6,0,8.004676137989268,5,7,4,20,0,1,999999.0,1,1
497.19,3,0,6.210981530366493,6,2,6,0,0,1,999999.0,0,1
3903.53,23,1,8.269892696515395,3,4,1,25,0,1,999999.0,1,1
997.08,18,0,6.9058334334194384,2,4,3,0,0,1,999999.0,0,1
3862.25,9,0,8.259264077113805,2,5,6,0,0,1,999999.0,1,1
1333.47,2,0,7.196289488262181,7,3,1,0,0,1,999999.0,1,1
112247.19,19,1,11.628467680752893,1,7,2,85,0,1,999999.0,2,0
3068.85,2,1,8.029383979452703,3,5,6,25,0,1,999999.0,1,1
4903.59,17,1,8.497926780330445,3,1,3,25,0,1,999999.0,1,1
1649.74,17,0,7.40897895120384,5,6,5,0,0,2,43229.99999763333,1,1
3453.25,19,1,8.14736063593678,0,6,3,25,0,1,999999.0,1,1
686.55,17,1,6.533134554168954,0,3,1,25,0,1,999999.0,0,1
141.9,9,0,4.9621450849358215,7,5,5,0,0,1,999999.0,0,1
295.26,12,0,5.691237447153906,4,5,5,0,0,1,999999.0,0,1
4392.88,11,1,8.387967942603494,1,4,1,25,0,1,999999.0,1,1
87176.88,1,1,11.375705907992694,1,7,1,45,0,1,999999.0,2,2
83642.39,10,1,11.334317683567702,3,7,2,45,0,1,999999.0,2,2
147515.31,22,1,11.901694024920094,3,7,4,85,0,1,999999.0,2,0
161781.35,6,1,11.994007192365814,3,7,0,85,0,1,999999.0,2,0
70705.22,1,1,11.166288825384049,0,7,2,45,0,1,999999.0,2,2
3618.87,2,0,8.19419339257277,5,7,0,20,0,1,999999.0,1,1
3821.51,2,0,8.248662553888742,5,7,6,20,0,1,999999.0,1,1
697.34,22,0,6.54870609018194,4,2,3,0,0,1,999999.0,0,1
736.84,18,1,6.603726998927463,1,2,5,25,0,1,999999.0,0,1
60484.15,4,1,11.01015315934458,1,7,1,45,0,1,999999.0,2,2
1912.97,4,1,7.55693489790887,3,7,6,45,0,1,999999.0,1,2
3149.04,15,0,8.055170430151753,5,7,2,20,0,1,999999.0,1,1
2915.19,0,0,7.978033248756217,5,5,5,0,0,1,999999.0,1,1
1566.61,16,1,7.3573074454834915,1,2,5,25,0,1,999999.0,1,1
3002.17,20,1,8.007423676437652,3,6,1,25,0,1,999999.0,1,1
3053.26,2,0,8.024292616405027,6,1,6,0,0,1,999999.0,1,1
579.57,2,0,6.364010379570056,6,3,6,0,0,1,999999.0,0,1
469.13,9,1,6.153009252203234,0,1,4,25,0,1,999999.0,0,1
4786.91,18,0,8.473849269508717,6,6,0,0,0,2,1965.0000261166667,1,1
1301.14,23,1,7.171764343869635,0,5,2,25,0,1,999999.0,1,1
2894.36,0,0,7.970864734607591,2,6,4,0,0,1,999999.0,1,1
1889.19,22,0,7.544432632101506,5,5,1,0,0,1,999999.0,1,1
1440.69,3,1,7.2735713155379935,3,6,3,25,0,1,999999.0,1,1
732.49,7,0,6.597813964224936,4,2,1,0,0,1,999999.0,0,1
583.7,16,0,6.371098895181625,7,3,5,0,0,1,999999.0,0,1
1427.42,18,0,7.264324217302472,5,4,2,0,0,1,999999.0,1,1
1628.97,6,0,7.39631688872346,6,3,1,0,0,1,999999.0,1,1
536.12,11,1,6.286221533231725,3,6,3,25,0,1,999999.0,0,1
1000.45,22,0,6.9092042287472415,5,4,4,0,0,1,999999.0,1,1
211.3,2,0,5.35800036870921,2,1,4,0,0,1,999999.0,0,1
4403.5,3,1,8.39038202454985,0,0,6,25,0,1,999999.0,1,1
3863.63,18,0,8.259621225520526,2,7,0,20,0,1,999999.0,1,1
117908.72,6,1,11.677674525875338,1,7,6,85,0,1,999999.0,2,0
750.38,4,0,6.621911515803996,7,3,4,0,0,1,999999.0,0,1
176.49,9,0,5.178914269300255,7,1,3,0,0,2,55024.99992281666,0,1
78821.02,20,1,11.274947678433795,0,7,0,45,0,1,999999.0,2,2
640.22,0,0,6.463372611764861,4,0,4,0,0,1,999999.0,0,1
147812.36,18,1,11.90370567583328,0,7,4,85,0,1,999999.0,2,0
2143.18,21,1,7.670512473890531,0,6,5,25,0,1,999999.0,1,1
320.03,11,0,5.77153457670702,7,1,3,0,0,1,999999.0,0,1
3655.85,14,1,8.204357400080916,0,0,6,25,0,1,999999.0,1,1
192919.22,10,1,12.170032014551325,0,7,0,85,0,1,999999.0,2,0
140.3,20,1,4.950885289690482,0,3,3,25,0,1,999999.0,0,1
4131.17,13,0,8.326557971697177,2,3,0,0,0,1,999999.0,1,1
2868.24,10,0,7.961802465323372,5,3,5,0,0,2,76137.99988786667,1,1
554.66,6,1,6.320156596410232,0,6,4,25,0,1,999999.0,0,1
4200.74,7,0,8.343254004193113,7,2,1,0,0,1,999999.0,1,1
192194.05,23,1,12.1662660207642,3,7,1,85,0,1,999999.0,2,0
150056.11,22,1,11.918771233951182,3,7,2,85,0,1,999999.0,2,0
4589.25,5,1,8.431689767802297,0,1,2,25,0,1,999999.0,1,1
1433.35,4,1,7.26846706390312,1,0,4,25,0,1,999999.0,1,1
2899.69,17,0,7.972703918707949,2,3,2,0,0,1,999999.0,1,1
141.14,10,1,4.956812487398749,3,4,6,25,0,1,999999.0,0,1
2014.22,5,0,7.6084836495623955,6,4,4,0,0,2,1151.0001110833332,1,1
4107.04,11,1,8.320701308099387,0,2,4,25,0,1,999999.0,1,1
541.42,7,0,6.29604060910273,4,2,1,0,0,1,999999.0,0,1
192427.04,0,1,12.167477544640724,3,7,5,85,0,1,999999.0,2,0
142720.09,17,1,11.868647585116513,0,7,3,85,0,1,999999.0,2,0
966.31,3,1,6.874519023189442,1,1,6,25,0,1,999999.0,0,1
3299.43,16,1,8.101808041996172,3,5,4,25,0,1,999999.0,1,1
3892.43,11,1,8.267045796173003,3,0,3,25,0,1,999999.0,1,1
3512.98,11,0,8.16450457721121,4,7,2,20,0,1,999999.0,1,1
2802.93,13,0,7.938777283506204,6,2,4,0,0,1,999999.0,1,1
1640.49,8,0,7.403359644934056,4,6,3,0,0,1,999999.0,1,1
2314.24,23,1,7.747268632853058,0,2,6,25,0,1,999999.0,1,1
987.15,9,0,6.895834508086444,4,3,6,0,0,1,999999.0,0,1
1540.51,8,0,7.340517734492967,4,0,6,0,0,1,999999.0,1,1
2528.21,7,0,7.835662279996031,6,7,4,20,0,1,999999.0,1,1
2416.98,14,1,7.790687759841937,1,7,1,45,0,1,999999.0,1,2
4698.45,22,0,8.45520075957403,6,5,4,0,0,2,4815.999964316667,1,1
152520.39,3,1,11.93506012748885,1,7,5,85,0,1,999999.0,2,0
3850.28,4,0,8.256160839559215,5,3,0,0,0,1,999999.0,1,1
1719.84,1,1,7.4505678226856835,1,6,5,25,0,1,999999.0,1,1
652.33,15,0,6.482082361502622,4,3,3,0,0,1,999999.0,0,1
763.65,15,0,6.639418212794133,6,0,5,0,0,2,13001.99999335,0,1
3541.66,6,0,8.172633136388221,6,0,0,0,0,3,74341.00002954999,1,1
824.15,20,0,6.715565187989577,5,7,2,20,0,1,999999.0,0,1
2590.07,4,1,7.859826196793077,0,4,0,25,0,1,999999.0,1,1
1746.68,4,1,7.466044473095233,0,7,6,45,0,1,999999.0,1,2
966.84,6,1,6.875066784358604,1,4,1,25,0,1,999999.0,0,1
4810.32,8,0,8.478726753725685,6,5,2,0,0,1,999999.0,1,1
2772.29,6,1,7.927789620025073,3,5,1,25,0,1,999999.0,1,1
1561.06,21,1,7.353760741953831,3,1,5,25,0,1,999999.0,1,1
1305.48,0,0,7.175091776768488,6,1,2,0,0,1,999999.0,1,1
88.26,19,0,4.491553459201124,7,4,5,0,0,1,999999.0,0,1
4287.55,23,1,8.363703959450769,0,7,1,45,0,1,999999.0,1,2
320.0,11,1,5.771441123130016,0,2,5,25,0,1,999999.0,0,1
1126.13,6,0,7.0274298578754415,4,6,6,0,0,1,999999.0,1,1
108803.52,4,1,11.597308156658691,1,7,1,85,0,1,999999.0,2,0
238.25,1,0,5.477509030333064,2,0,6,0,0,1,999999.0,0,1
4171.57,0,1,8.336287431908149,0,3,3,25,0,1,999999.0,1,1
135646.42,13,1,11.817814298370635,1,7,0,85,0,1,999999.0,2,0
2619.43,18,1,7.871093705425983,1,1,3,25,0,1,999999.0,1,1
3191.96,18,1,8.068703665232619,3,6,5,25,0,2,73472.9999371,1,1
291.56,16,0,5.678669773841126,6,2,2,0,0,1,999999.0,0,1
1562.63,16,0,7.35476532022745,7,7,4,20,0,1,999999.0,1,1
1675.82,5,0,7.424654421536507,4,5,2,0,0,1,999999.0,1,1
161051.06,10,1,11.989482945736215,3,7,0,85,0,1,999999.0,2,0
1693.72,12,0,7.43527281442848,6,6,6,0,0,1,999999.0,1,1
1943.73,18,0,7.572878428935788,7,3,6,0,0,1,999999.0,1,1
4881.74,5,0,8.493461816688688,7,3,6,0,0,1,999999.0,1,1
3267.7,17,0,8.09214763132913,6,6,3,0,0,1,999999.0,1,1
186010.7,7,1,12.13356485394282,3,7,5,85,0,1,999999.0,2,0
90572.52,9,1,11.413917175580096,1,7,4,45,0,1,999999.0,2,2
1204.43,17,1,7.094591628743225,3,0,2,25,0,1,999999.0,1,1
667.03,2,0,6.504333082707855,2,1,0,0,0,2,48063.999886833335,0,1
107001.95,15,1,11.580611683157452,1,7,0,85,0,1,999999.0,2,0
4634.85,13,0,8.441574848457332,4,6,6,0,0,1,999999.0,1,1
413.79,15,0,6.027772368060912,4,7,2,20,0,1,999999.0,0,1
241.52,16,0,5.49108418120353,2,3,2,0,0,1,999999.0,0,1
138588.73,2,1,11.83927326486844,1,7,2,85,0,1,999999.0,2,0
154700.75,22,1,11.94925434871437,0,7,5,85,0,1,999999.0,2,0
113161.92,10,1,11.636583829253668,3,7,3,85,0,1,999999.0,2,0
2641.78,15,0,7.879586672395901,5,2,0,0,0,1,999999.0,1,1
662.75,22,1,6.4979055725561485,1,0,5,25,0,1,999999.0,0,1
4221.34,20,0,8.348144755720094,4,0,0,0,0,1,999999.0,1,1
498.69,5,0,6.213987906142712,6,7,1,20,0,1,999999.0,0,1
524.41,20,1,6.264178910187937,1,7,5,45,0,1,999999.0,0,2
147336.78,5,1,11.900483052931763,1,7,1,85,0,1,999999.0,2,0
1145.71,6,0,7.044652251682958,7,6,3,0,0,1,999999.0,1,1
174286.54,23,1,12.068461743009095,1,7,0,85,0,1,999999.0,2,0
121279.24,21,1,11.705859179766062,1,7,3,85,0,1,999999.0,2,0
1285.38,12,1,7.159587351040161,0,6,2,25,0,1,999999.0,1,1
1349.32,1,0,7.208096880380673,5,4,6,0,0,1,999999.0,1,1
195577.85,7,1,12.183718901902154,1,7,6,85,0,1,999999.0,2,0
147109.45,23,1,11.89893894417507,3,7,0,85,0,1,999999.0,2,0
3374.2,12,0,8.12420986081013,7,2,5,0,0,1,999999.0,1,1
65404.51,11,1,11.08836178466092,0,7,6,45,0,1,999999.0,2,2
3162.0,0,1,8.059276223305648,3,5,5,25,0,1,999999.0,1,1
4300.39,21,1,8.366693505259704,1,7,1,45,0,1,999999.0,1,2
114074.89,15,1,11.644619207649894,0,7,6,85,0,1,999999.0,2,0
1390.25,16,0,7.237957902589755,4,2,2,0,0,1,999999.0,1,1
3628.06,9,0,8.196728940556692,7,0,1,0,0,1,999999.0,1,1
1973.71,18,0,7.588176831110805,2,0,3,0,0,1,999999.0,1,1
96427.68,10,1,11.476558946724646,3,7,5,45,0,1,999999.0,2,2
2226.92,15,1,7.708823693759787,3,2,5,25,0,1,999999.0,1,1
2564.28,22,1,7.849822913440527,1,7,4,45,0,1,999999.0,1,2
4695.09,9,0,8.4544855265713,4,1,1,0,0,1,999999.0,1,1
1253.64,20,0,7.134603957826169,2,2,6,0,0,2,3522.000061866667,1,1
3436.46,7,0,8.142488105543487,6,0,2,0,0,3,3572.0000010333333,1,1
2244.32,4,0,7.716603328994141,2,5,0,0,0,1,999999.0,1,1
3635.23,2,0,8.198702709622404,4,5,0,0,0,1,999999.0,1,1
380.41,12,0,5.94387491201505,6,5,3,0,0,1,999999.0,0,1
395.04,21,1,5.981515216254314,3,5,3,25,0,1,999999.0,0,1
2374.01,12,0,7.772756926986193,7,5,2,0,0,1,999999.0,1,1
736.49,20,0,6.603252528800013,2,0,2,0,0,1,999999.0,0,1
3992.02,7,0,8.292303115816017,6,7,1,20,0,1,999999.0,1,1
143782.48,20,1,11.876063835889417,1,7,6,85,0,1,999999.0,2,0
98960.41,14,1,11.502485255145949,0,7,3,45,0,1,999999.0,2,2
82.43,17,1,4.424007956913983,3,3,5,25,0,1,999999.0,0,1
4733.68,13,1,8.462669421499042,1,7,0,45,0,2,34346.0000836,1,2
3303.21,10,0,8.102952691943095,6,5,3,0,0,1,999999.0,1,1
4605.42,20,0,8.435206261633828,6,7,5,20,0,1,999999.0,1,1
196826.79,21,1,12.19008446298078,1,7,4,85,0,1,999999.0,2,0
4934.61,3,1,8.504231551118444,0,2,0,25,0,1,999999.0,1,1
283.1,13,0,5.649326288860142,4,0,4,0,0,1,999999.0,0,1
1025.41,6,1,6.933822556044301,3,5,0,25,0,1,999999.0,1,1
766.82,23,0,6.643555330677559,2,3,0,0,0,1,999999.0,0,1
2198.14,13,0,7.695821653830622,2,3,0,0,0,1,999999.0,1,1
140426.76,12,1,11.852448471827389,0,7,4,85,0,1,999999.0,2,0
4346.83,19,0,8.377432149040674,6,0,5,0,0,1,999999.0,1,1
1444.36,8,1,7.276113704465672,0,2,6,25,0,1,999999.0,1,1
73822.53,11,1,11.209432794459932,3,7,1,45,0,1,999999.0,2,2
4579.49,17,0,8.429561258285103,5,6,3,0,0,1,999999.0,1,1
4442.64,3,1,8.399229139377377,3,0,2,25,0,1,999999.0,1,1
4203.3,1,1,8.343863090059738,0,2,5,25,0,1,999999.0,1,1
3725.92,18,0,8.22333743426364,7,6,4,0,0,1,999999.0,1,1
1089.49,19,0,6.994382415494182,4,1,6,0,0,1,999999.0,1,1
3119.65,15,0,8.045796592438487,5,3,4,0,0,1,999999.0,1,1
136829.19,22,1,11.826495946957266,1,7,6,85,0,1,999999.0,2,0
977.02,17,0,6.885530119723471,5,6,0,0,0,1,999999.0,0,1
4317.48,21,1,8.370658767471918,3,2,1,25,0,1,999999.0,1,1
195010.15,10,1,12.18081201539838,0,7,3,85,0,1,999999.0,2,0
1404.4,4,0,7.248077238758097,4,2,1,0,0,1,999999.0,1,1
4975.13,5,1,8.512407759479682,0,3,3,25,0,1,999999.0,1,1
532.54,20,1,6.279534044501028,1,7,1,45,0,1,999999.0,0,2
1553.36,10,0,7.348819164330165,5,1,1,0,0,1,999999.0,1,1
2530.03,19,0,7.836381613497398,5,6,3,0,0,1,999999.0,1,1
4018.92,17,1,8.299017280917537,1,5,2,25,0,1,999999.0,1,1
3883.57,7,0,8.264767574565349,7,6,0,0,0,1,999999.0,1,1
2365.25,7,0,7.7690617025235325,4,6,1,0,0,1,999999.0,1,1
1936.47,22,0,7.569138277236658,7,3,4,0,0,1,999999.0,1,1
3951.4,19,0,8.282078268320808,4,4,0,0,0,1,999999.0,1,1
2816.55,20,0,7.943622991985396,7,7,0,20,0,1,999999.0,1,1
914.95,10,0,6.819961778031468,4,7,6,20,0,1,999999.0,0,1
3043.05,15,0,8.020944144602261,6,2,5,0,0,1,999999.0,1,1
3740.02,12,1,8.227113580497983,1,6,1,25,0,1,999999.0,1,1
2003.89,8,1,7.603344475392756,0,7,2,45,0,1,999999.0,1,2
3231.59,16,0,8.081038952485804,6,0,6,0,0,1,999999.0,1,1
182171.91,2,1,12.112711569987423,0,7,6,85,0,1,999999.0,2,0
3623.5,21,0,8.195471626740932,6,3,2,0,0,1,999999.0,1,1
3324.95,22,1,8.109510626567115,3,3,1,25,0,1,999999.0,1,1
1721.3,2,0,7.451415885841701,6,4,3,0,0,1,999999.0,1,1
4425.36,6,1,8.39533285485411,0,7,2,45,0,1,999999.0,1,2
689.92,21,0,6.538024042825084,4,2,2,0,0,1,999999.0,0,1
3784.6,12,0,8.238959673784068,2,4,0,0,0,1,999999.0,1,1
122492.69,12,1,11.71581479743614,3,7,3,85,0,1,999999.0,2,0
4660.56,1,0,8.447105435047241,6,5,3,0,0,1,999999.0,1,1
2667.8,20,0,7.889384212164428,7,2,4,0,0,1,999999.0,1,1
431.72,16,0,6.070090867563172,6,6,2,0,0,1,999999.0,0,1
747.14,0,0,6.61759012623655,6,5,5,0,0,1,999999.0,0,1
2287.25,14,0,7.735542612264889,7,7,0,20,0,1,999999.0,1,1
1322.75,3,0,7.188223896915616,4,6,1,0,0,1,999999.0,1,1
4617.74,15,0,8.43787721960621,4,6,2,0,0,1,999999.0,1,1
505.91,21,0,6.228333473040668,7,1,5,0,0,1,999999.0,0,1
1857.83,18,0,7.527702536525386,4,2,6,0,0,1,999999.0,1,1
2789.41,16,0,7.9339438174238355,5,3,3,0,0,1,999999.0,1,1
1860.76,15,0,7.529277555866782,7,0,3,0,0,1,999999.0,1,1
3857.74,3,0,8.258095984300216,4,5,2,0,0,1,999999.0,1,1
724.37,16,0,6.586681869500629,2,7,3,20,0,2,22419.0000895,0,1
4196.96,15,0,8.342353971988352,6,1,1,0,0,1,999999.0,1,1
453.54,17,0,6.119285918545867,6,5,3,0,0,1,999999.0,0,1
181389.86,23,1,12.10840942950622,1,7,6,85,0,1,999999.0,2,0
2925.46,21,0,7.981548780433525,7,2,6,0,0,1,999999.0,1,1
2213.54,8,0,7.702799985968242,4,1,1,0,0,1,999999.0,1,1
4468.17,3,1,8.404957988039895,3,0,6,25,0,1,999999.0,1,1
273.34,7,0,5.614368213050261,5,4,1,0,0,1,999999.0,0,1
72.6,2,1,4.298645025734831,0,3,2,25,0,2,16979.9999751,0,1
1942.03,9,0,7.572003889299418,6,0,3,0,0,1,999999.0,1,1
2185.12,16,1,7.689883562014816,1,3,2,25,0,1,999999.0,1,1
116.48,1,1,4.766268106330419,1,5,0,25,0,1,999999.0,0,1
963.32,21,1,6.871423189734734,0,0,1,25,0,1,999999.0,0,1
3023.98,4,0,8.014659758872837,6,4,4,0,0,1,999999.0,1,1
2832.16,12,0,7.949147975468353,4,0,6,0,0,1,999999.0,1,1
416.87,12,0,6.03517037936805,4,6,3,0,0,1,999999.0,0,1
1489.23,12,1,7.30668574944296,0,2,5,25,0,1,999999.0,1,1
124039.68,16,1,11.728364855301908,3,7,3,85,0,1,999999.0,2,0
2608.87,17,0,7.867055690647139,5,3,5,0,0,1,999999.0,1,1
154276.74,19,1,11.946509763524178,3,7,0,85,0,1,999999.0,2,0
4301.18,1,1,8.366877149956549,3,3,2,25,0,1,999999.0,1,1
2542.54,19,0,7.841312090500475,7,7,3,20,0,1,999999.0,1,1
797.88,10,0,6.683210746752299,5,7,5,20,0,1,999999.0,0,1
2568.8,11,1,7.851583353849381,3,0,6,25,0,1,999999.0,1,1
2891.29,19,0,7.969803854876464,7,4,6,0,0,1,999999.0,1,1
3680.43,3,0,8.21105654263914,2,2,2,0,0,1,999999.0,1,1
873.3,7,1,6.773423566186845,0,7,0,45,0,1,999999.0,0,2
3081.83,7,0,8.03360328526949,5,7,4,20,0,1,999999.0,1,1
3400.99,13,0,8.132115833504104,4,3,6,0,0,1,999999.0,1,1
2150.37,22,1,7.673860127492387,3,3,4,25,0,1,999999.0,1,1
3637.48,20,0,8.199321291001386,6,0,0,0,0,1,999999.0,1,1
2332.03,18,0,7.754923130918608,2,0,1,0,0,1,999999.0,1,1
4875.59,19,1,8.492201484101498,0,5,6,25,0,1,999999.0,1,1
145.54,22,0,4.987298428731818,7,7,2,20,0,1,999999.0,0,1
954.84,6,0,6.862590535027745,2,7,0,20,0,1,999999.0,0,1
2491.37,20,1,7.82098934400639,0,7,5,45,0,1,999999.0,1,2
3058.28,23,0,8.025934873142775,2,1,2,0,0,1,999999.0,1,1
3663.47,15,1,8.206438992676643,1,2,3,25,0,1,999999.0,1,1
1978.68,9,1,7.590690494465665,1,5,4,25,0,1,999999.0,1,1
75.68,8,1,4.339640918177444,1,5,5,25,0,1,999999.0,0,1
4795.52,4,0,8.475645933956388,5,7,0,20,0,1,999999.0,1,1
2219.58,22,1,7.705523702004807,3,7,1,45,0,1,999999.0,1,2
1761.22,3,1,7.474329656817776,1,4,4,25,0,1,999999.0,1,1
4432.47,10,0,8.396937852134261,7,4,2,0,0,1,999999.0,1,1
162978.36,9,1,12.00137884600431,3,7,2,85,0,1,999999.0,2,0
2350.72,7,1,7.762902254312739,3,3,5,25,0,2,24341.99996523333,1,1
2751.28,10,0,7.920184938063692,4,5,1,0,0,1,999999.0,1,1
2028.24,10,1,7.615416617700105,1,1,6,25,0,1,999999.0,1,1
83411.96,14,1,11.331558971957634,3,7,0,45,0,1,999999.0,2,2
86577.9,10,1,11.368811415902558,3,7,0,45,0,1,999999.0,2,2
1116.34,3,0,7.018706139503176,2,2,5,0,0,1,999999.0,1,1
4003.83,1,1,8.295256411660239,1,6,4,25,0,1,999999.0,1,1
187747.74,9,1,12.142859858551931,0,7,5,85,0,1,999999.0,2,0
93668.76,22,1,11.447530684013495,3,7,6,45,0,1,999999.0,2,2
153103.21,10,1,11.938874079634784,0,7,0,85,0,1,999999.0,2,0
2937.97,14,0,7.9858144588132305,5,1,2,0,0,1,999999.0,1,1
118523.7,2,1,11.682876656655536,1,7,6,85,0,1,999999.0,2,0
3435.74,9,0,8.142278626621538,7,7,4,20,0,1,999999.0,1,1
3599.45,16,0,8.188814116632352,5,0,4,0,0,1,999999.0,1,1
4024.07,9,0,8.300297581005784,2,5,3,0,0,1,999999.0,1,1
1056.39,3,0,6.9635588865975615,4,0,4,0,0,1,999999.0,1,1
3399.12,20,1,8.131566004099078,1,5,6,25,0,1,999999.0,1,1
787.79,21,0,6.670500125723279,4,1,4,0,0,1,999999.0,0,1
153429.49,21,1,11.941002909572944,1,7,6,85,0,1,999999.0,2,0
1084.89,20,1,6.990155206229352,0,2,0,25,0,1,999999.0,1,1
4539.45,11,0,8.420781405066167,4,5,0,0,0,1,999999.0,1,1
113074.66,7,1,11.63581243116297,1,7,3,85,0,2,2616.0000503,2,0
4639.33,3,0,8.442540763381,7,6,6,0,0,1,999999.0,1,1
4158.62,12,0,8.333179002929148,7,4,3,0,0,1,999999.0,1,1
74752.61,22,1,11.221952784401182,3,7,0,45,0,1,999999.0,2,2
141431.8,21,1,11.859579971598391,1,7,0,85,0,1,999999.0,2,0
3398.72,2,0,8.131448354271887,6,2,2,0,0,2,60790.9998328,1,1
1498.89,5,0,7.313147051067948,7,2,3,0,0,1,999999.0,1,1
4137.15,18,0,8.328004107044338,5,0,6,0,0,1,999999.0,1,1
1147.03,15,1,7.045802708942247,1,2,4,25,0,2,51659.99998478333,1,1
2807.04,16,1,7.940242010058488,0,6,5,25,0,1,999999.0,1,1
181982.95,21,1,12.11167377535706,0,7,2,85,0,1,999999.0,2,0
3734.76,10,0,8.225706557456574,5,5,2,0,0,1,999999.0,1,1
1670.27,14,1,7.421339095435049,0,3,1,25,0,1,999999.0,1,1
3628.63,16,1,8.196885993689191,3,5,4,25,0,1,999999.0,1,1
2790.24,9,1,7.934241220523678,0,4,0,25,0,1,999999.0,1,1
1664.59,12,1,7.417934694000222,3,7,0,45,0,1,999999.0,1,2
145990.92,17,1,11.89130655669327,0,7,5,85,0,1,999999.0,2,0
2637.41,10,0,7.877931741974016,5,6,3,0,0,1,999999.0,1,1
4291.14,15,1,8.36454072204433,0,7,0,45,0,1,999999.0,1,2
1602.1,0,0,7.379694533695628,7,7,0,20,0,1,999999.0,1,1
2513.34,6,1,7.82976562264694,0,2,2,25,0,1,999999.0,1,1
187.53,21,0,5.239257145418492,2,6,2,0,0,1,999999.0,0,1
3595.47,6,1,8.18770808782955,3,5,3,25,0,1,999999.0,1,1
124418.64,9,1,11.73141532463933,3,7,0,85,0,1,999999.0,2,0
4953.91,2,0,8.50813428312789,5,1,2,0,0,1,999999.0,1,1
76662.87,14,1,11.247185820311003,0,7,2,45,0,1,999999.0,2,2
194347.65,2,1,12.177408990025215,3,7,5,85,0,1,999999.0,2,0
4517.98,23,0,8.416041583643574,4,0,2,0,0,1,999999.0,1,1
156156.7,18,1,11.958621673054848,0,7,6,85,0,1,999999.0,2,0
2014.93,0,0,7.608835906366207,4,4,1,0,0,1,999999.0,1,1
2999.85,12,0,8.006650860852272,7,2,6,0,0,1,999999.0,1,1
969.42,10,1,6.877728967475164,3,3,6,25,0,1,999999.0,0,1
3398.56,18,1,8.131401290465122,3,4,0,25,0,1,999999.0,1,1
3934.37,23,0,8.277760184385409,6,3,1,0,0,1,999999.0,1,1
1430.8,17,0,7.266687672962084,7,7,5,20,0,1,999999.0,1,1
1164.18,15,0,7.060630860502679,6,0,0,0,0,1,999999.0,1,1
72143.91,2,1,11.18643201424288,1,7,3,45,0,1,999999.0,2,2
192.01,3,1,5.262742001034116,1,0,0,25,0,1,999999.0,0,1
1909.97,5,0,7.555366245529922,4,6,4,0,0,1,999999.0,1,1
412.95,4,0,6.025745193584815,2,1,5,0,0,2,27310.00004335,0,1
1371.53,6,0,7.224411031068302,2,0,2,0,0,1,999999.0,1,1
1532.17,6,1,7.3350927663961025,0,2,3,25,0,1,999999.0,1,1
196209.69,17,1,12.1869443098483,0,7,3,85,0,1,999999.0,2,0
151266.03,9,1,11.926801964596065,0,7,3,85,0,1,999999.0,2,0
3308.08,13,1,8.10442548411773,3,3,5,25,0,1,999999.0,1,1
3663.81,19,0,8.206531771230674,6,1,5,0,0,1,999999.0,1,1
2642.38,18,0,7.879813680281616,7,7,0,20,0,1,999999.0,1,1
1955.84,4,0,7.579086206261186,5,2,4,0,0,1,999999.0,1,1
2338.76,0,1,7.757803638989126,1,1,3,25,0,1,999999.0,1,1
4689.5,15,0,8.453294465566005,5,6,3,0,0,1,999999.0,1,1
2320.3,9,1,7.749882652553401,0,5,2,25,0,1,999999.0,1,1
120303.87,15,1,11.697784383271404,0,7,4,85,0,2,17610.0000331,2,0
4749.38,20,0,8.465979893828857,7,4,6,0,0,3,49272.999804633335,1,1
1561.07,14,0,7.353767143736087,6,2,6,0,0,1,999999.0,1,1
3693.31,18,0,8.21454907710817,5,7,0,20,0,1,999999.0,1,1
1417.71,23,1,7.25750328699966,3,0,0,25,0,1,999999.0,1,1
1223.95,12,1,7.110655305819288,3,2,1,25,0,1,999999.0,1,1
832.8,12,0,6.7259935654466965,6,3,5,0,0,1,999999.0,0,1
3018.65,9,0,8.012896209612947,2,4,0,0,0,1,999999.0,1,1
1276.76,6,0,7.152863823874856,7,0,4,0,0,1,999999.0,1,1
206.19,23,0,5.333636246672391,5,3,2,0,0,1,999999.0,0,1
2847.42,18,0,7.954519733569065,5,0,3,0,0,2,1110.0000090333333,1,1
3442.84,0,0,8.144342406861,4,2,4,0,0,1,999999.0,1,1
1823.85,13,1,7.509253070857841,3,7,6,45,0,1,999999.0,1,2
3259.52,17,0,8.089641970842967,4,7,0,20,0,1,999999.0,1,1
2996.07,19,1,8.005390423733923,0,3,0,25,0,1,999999.0,1,1
2590.39,11,0,7.859949690269305,6,4,0,0,0,1,999999.0,1,1
1697.81,9,0,7.437683284929914,7,1,0,0,0,1,999999.0,1,1
3972.58,12,1,8.287422730561227,0,3,5,25,0,2,46242.999865933336,1,1
1135.23,16,1,7.0354710435766,0,3,2,25,0,1,999999.0,1,1
2244.54,12,0,7.716701305773723,2,3,3,0,0,1,999999.0,1,1
188567.01,11,1,12.147214016555033,1,7,3,85,0,1,999999.0,2,0
2116.15,3,0,7.657826123608237,6,7,3,20,0,1,999999.0,1,1
1347.43,6,1,7.206696231703332,3,1,4,25,0,1,999999.0,1,1
1969.56,9,0,7.58607304529608,6,4,3,0,0,2,65014.0001051,1,1
1374.7,16,0,7.22671797146695,2,5,4,0,0,1,999999.0,1,1
2985.11,23,0,8.001726816000652,7,6,1,0,0,1,999999.0,1,1
3765.39,8,0,8.233872262007207,5,5,6,0,0,1,999999.0,1,1
1725.56,14,0,7.453886268615423,6,0,2,0,0,1,999999.0,1,1
169214.56,6,1,12.03892868410094,0,7,4,85,0,1,999999.0,2,0
1345.6,11,1,7.20533817611118,0,0,5,25,0,1,999999.0,1,1
1597.48,9,0,7.376808456691877,5,4,0,0,0,1,999999.0,1,1
2124.06,5,0,7.661555316254026,4,3,5,0,0,1,999999.0,1,1
1304.62,18,0,7.174433302719964,5,4,2,0,0,1,999999.0,1,1
2040.36,19,1,7.621371531381422,3,4,0,25,0,1,999999.0,1,1
744.61,23,0,6.614202675298609,5,2,0,0,0,1,999999.0,0,1
1469.31,9,0,7.293228541893543,6,7,6,20,0,1,999999.0,1,1
227.23,21,0,5.430353892415786,6,5,6,0,0,1,999999.0,0,1
161206.53,14,1,11.990447820122496,0,7,2,85,0,1,999999.0,2,0
3906.1,17,0,8.270550689813266,2,5,3,0,0,1,999999.0,1,1
585.47,11,0,6.374121515890138,6,0,4,0,0,1,999999.0,0,1
909.25,11,0,6.813719287055543,4,5,3,0,0,1,999999.0,0,1
1961.02,20,0,7.581729833753272,6,1,3,0,0,1,999999.0,1,1
127908.03,21,1,11.759074587107566,3,7,5,85,0,1,999999.0,2,0
160253.14,11,1,11.984516209082594,1,7,0,85,0,1,999999.0,2,0
2309.07,9,1,7.745033106087015,0,2,4,25,0,1,999999.0,1,1
458.64,0,0,6.1304435743894325,5,5,1,0,0,1,999999.0,0,1
161051.37,19,1,11.989484870577796,1,7,2,85,0,1,999999.0,2,0
